,Channel,First Interaction Tier 1,First Interaction Tier 2,First Interaction Tier 3,Linear Tier 1,Linear Tier 2,Linear Tier 3,Position-based Tier 1,Position-based Tier 2,Position-based Tier 3
0,Referral total,1493,2674,3313,1503.1166666666668,2682.1666666666665,3285.2833333333333,1419.9,2533.4666666666662,3132.0
1,Display total,484,735,840,466.43333333333334,715.1833333333333,849.7166666666666,487.4333333333333,750.0666666666666,876.0333333333334
2,Social total,471,798,988,479.01666666666665,824.3833333333333,988.0833333333333,512.7333333333333,881.2666666666667,1058.5333333333333
3,Email total,246,430,589,243.66666666666669,419.05,595.1333333333333,258.4,451.6333333333333,616.4000000000001
4,Paid Search total,128,247,322,127.16666666666666,246.63333333333333,334.18333333333334,141.5,270.5666666666666,369.86666666666673
5,Organic Search total,0,5,5,2.3499999999999996,3.25,5.2333333333333325,3.433333333333333,3.6000000000000005,6.066666666666666
6,Direct total,2,3,6,2.25,1.3333333333333333,5.366666666666666,2.4,1.4000000000000001,5.0
